{
  "holdout_acc": 0.8283261802575107,
  "classification_report": {
    "0": {
      "precision": 0.7862714508580343,
      "recall": 0.7789799072642968,
      "f1-score": 0.782608695652174,
      "support": 647.0
    },
    "1": {
      "precision": 0.8555555555555555,
      "recall": 0.8607723577235772,
      "f1-score": 0.8581560283687943,
      "support": 984.0
    },
    "accuracy": 0.8283261802575107,
    "macro avg": {
      "precision": 0.8209135032067949,
      "recall": 0.819876132493937,
      "f1-score": 0.8203823620104842,
      "support": 1631.0
    },
    "weighted avg": {
      "precision": 0.8280713031096351,
      "recall": 0.8283261802575107,
      "f1-score": 0.8281872213377378,
      "support": 1631.0
    }
  }
}